Date,Category,Description,Amount,Payment Method
2/1/2025,Materials,Steel Purchase,500,Credit Card
2/3/2025,Materials,Handle Wood,200,Credit Card
2/5/2025,Utilities,Electricity Bill,150,Direct Debit
2/7/2025,Utilities,Propane for Forge,300,Credit Card
2/10/2025,Equipment,Grinder Maintenance,100,Cash
2/12/2025,Equipment,New Anvil,700,Bank Transfer
2/15/2025,Labor,Employee Salaries,4500,Bank Transfer
2/18/2025,Marketing,Website Hosting,50,Credit Card
2/20/2025,Marketing,Social Media Ads,100,Credit Card
2/22/2025,Office Supplies,Printer Ink,40,Cash
2/25/2025,Miscellaneous,Workshop Cleaning Supplies,60,Cash
